{"initial_reset_timestamp": 1631026812.7422624, "timestamps": [1631026825.3999608], "episode_lengths": [9884], "episode_rewards": [410.0], "episode_types": ["t", "t"]}